{"val_loss": NaN, "_timestamp": 1719672061.2786505, "_runtime": 273.2289996147156, "_step": 0, "_wandb": {"runtime": 272}}