{"train_loss_step": 0.45507436990737915, "epoch": 6, "trainer/global_step": 252, "_timestamp": 1719681193.5583196, "_runtime": 256.40778160095215, "_step": 264, "val_loss": 0.2298949658870697, "train_loss_epoch": 1.06824183464050