{"val_loss": 0.24436809122562408, "_timestamp": 1719676105.5400283, "_runtime": 132.60849833488464, "_step": 0, "_wandb": {"runtime": 132}}