{"train_loss_step": 1.4709831930304063e-06, "epoch": 1, "trainer/global_step": 239, "_timestamp": 1719744372.915246, "_runtime": 214.30907797813416, "_step": 241, "val_loss": 2.2917765818419866e-06, "train_loss_epoch": 0.004687786102294922}