{"val_loss": NaN, "_timestamp": 1719671460.9729233, "_runtime": 291.99866223335266, "_step": 0, "_wandb": {"runtime": 291}}