{"train_loss_step": 0.33504289388656616, "epoch": 6, "trainer/global_step": 79, "_timestamp": 1719592159.9886336, "_runtime": 125.58238959312439, "_step": 91, "val_loss": 0.20384979248046875, "train_loss_epoch": 0.23428334295749664}