{"train_loss_step": 0.19680960476398468, "epoch": 6, "trainer/global_step": 76, "_timestamp": 1719592158.7509358, "_runtime": 124.34469175338745, "_step": 88, "val_loss": 0.20384979248046875, "train_loss_epoch": 0.23428334295749664}