{"val_loss": 0.24232999980449677, "_timestamp": 1719677432.16714, "_runtime": 128.61170291900635, "_step": 0, "_wandb": {"runtime": 128}}