{"val_loss": NaN, "_timestamp": 1719670222.509504, "_runtime": 271.3632960319519, "_step": 0, "_wandb": {"runtime": 271}}