{"val_loss": NaN, "_timestamp": 1719675577.7920256, "_runtime": 132.62772059440613, "_step": 0, "_wandb": {"runtime": 132}}