{"val_loss": NaN, "_timestamp": 1719676741.827076, "_runtime": 130.0665729045868, "_step": 0, "_wandb": {"runtime": 129}}