{"val_loss": 0.24209830164909363, "_timestamp": 1719680705.4962986, "_runtime": 129.99580359458923, "_step": 0, "_wandb": {"runtime": 129}}