{"train_loss_step": 0.0002771983272396028, "epoch": 28, "trainer/global_step": 284, "_timestamp": 1719751019.8015964, "_runtime": 142.79309630393982, "_step": 340, "val_loss": 0.0001817359880078584, "train_loss_epoch": 0.000308232702082023}