{"val_loss": NaN, "_timestamp": 1719676503.5125813, "_runtime": 124.37552237510681, "_step": 0, "_wandb": {"runtime": 124}}