{"val_loss": NaN, "_timestamp": 1719670532.0046768, "_runtime": 296.0545058250427, "_step": 0, "_wandb": {"runtime": 295}}