{"train_loss_step": 0.3044814169406891, "epoch": 8, "trainer/global_step": 101, "_timestamp": 1719588394.267001, "_runtime": 522.9297909736633, "_step": 117, "val_loss": 0.1912306249141693, "train_loss_epoch": 0.21535667777061462}