{"val_loss": NaN, "_timestamp": 1719671768.3171415, "_runtime": 289.36458349227905, "_step": 0, "_wandb": {"runtime": 289}}