{"train_loss_step": NaN, "epoch": 0, "trainer/global_step": 29, "_timestamp": 1719612818.7060888, "_runtime": 2382.6986677646637, "_step": 29}