{"train_loss_step": 0.19779102504253387, "epoch": 27, "trainer/global_step": 335, "_timestamp": 1719592470.0367093, "_runtime": 184.49919629096985, "_step": 392, "val_loss": 0.1911686807870865, "train_loss_epoch": 0.20736515522003174, "_wandb": {"runtime": 184}}