{"train_loss_step": NaN, "epoch": 0, "trainer/global_step": 4, "_timestamp": 1719610375.4187047, "_runtime": 632.2387156486511, "_step": 4}