{"val_loss": 0.24679774045944214, "_timestamp": 1719680836.713555, "_runtime": 120.43496108055115, "_step": 0, "_wandb": {"runtime": 119}}