{"val_loss": NaN, "_timestamp": 1719671048.5264049, "_runtime": 282.31297183036804, "_step": 0, "_wandb": {"runtime": 281}}