{"val_loss": 0.2596777677536011, "_timestamp": 1719677294.1995013, "_runtime": 141.44926929473877, "_step": 0, "_wandb": {"runtime": 141}}