{"val_loss": 0.24448414146900177, "_timestamp": 1719675870.874683, "_runtime": 136.26783990859985, "_step": 0, "_wandb": {"runtime": 135}}