{"val_loss": NaN, "_timestamp": 1719675024.9616392, "_runtime": 125.86503624916077, "_step": 0, "_wandb": {"runtime": 125}}