{"val_loss": NaN, "_timestamp": 1719676349.9373567, "_runtime": 133.90777277946472, "_step": 0, "_wandb": {"runtime": 133}}