{"train_loss_step": 1.1618685722351074, "epoch": 0, "trainer/global_step": 5, "_timestamp": 1719665278.9456863, "_runtime": 699.2715404033661, "_step": 5}