{"val_loss": NaN, "_timestamp": 1719674880.5934055, "_runtime": 137.02143359184265, "_step": 0, "_wandb": {"runtime": 136}}