{"train_loss_step": 0.7457339763641357, "epoch": 8, "trainer/global_step": 300, "_timestamp": 1719594135.2885652, "_runtime": 195.31923723220825, "_step": 316, "val_loss": 0.0704435259103775, "train_loss_epoch": 0.2458057552576065}