{"val_loss": 0.24710305035114288, "_timestamp": 1719675430.573567, "_runtime": 131.63913893699646, "_step": 0, "_wandb": {"runtime": 131}}