{"train_loss_step": 1.0976873636245728, "epoch": 12, "trainer/global_step": 435, "_timestamp": 1719691331.1225488, "_runtime": 339.39647483825684, "_step": 459, "val_loss": 0.07511238753795624, "train_loss_epoch": 1.108296513557434}