{"val_loss": NaN, "_timestamp": 1719677032.8301144, "_runtime": 132.00490832328796, "_step": 0, "_wandb": {"runtime": 131}}