{"train_loss_step": 0.20370373129844666, "epoch": 14, "trainer/global_step": 523, "_timestamp": 1719734825.6989508, "_runtime": 345.30586767196655, "_step": 551, "val_loss": 0.11428594589233398, "train_loss_epoch": 1.1775929927825928, "_wandb": {"runtime": 350}}