{"val_loss": NaN, "_timestamp": 1719670756.0444002, "_runtime": 321.4920332431793, "_step": 0, "_wandb": {"runtime": 321}}