{"val_loss": NaN, "_timestamp": 1719672345.4220583, "_runtime": 273.07185435295105, "_step": 0, "_wandb": {"runtime": 272}}