{"val_loss": 0.24300511181354523, "_timestamp": 1719676883.651762, "_runtime": 131.9042570590973, "_step": 0, "_wandb": {"runtime": 131}}