{"val_loss": NaN, "_timestamp": 1719675285.2171545, "_runtime": 136.78314852714539, "_step": 0, "_wandb": {"runtime": 136}}