{"train_loss_step": 0.12969651818275452, "epoch": 5, "trainer/global_step": 219, "_timestamp": 1719593909.6407993, "_runtime": 181.21772933006287, "_step": 229, "val_loss": 0.06423214823007584, "train_loss_epoch": 0.2700311541557312}