{"train_loss_step": 0.04592370614409447, "epoch": 510, "trainer/global_step": 5107, "_timestamp": 1719748540.2111278, "_runtime": 955.6725296974182, "_step": 6127, "val_loss": 0.045923862606287, "train_loss_epoch": 0.04623163864016533}