{"train_loss_step": 0.04979461058974266, "epoch": 441, "trainer/global_step": 4416, "_timestamp": 1719748442.9828048, "_runtime": 858.4442067146301, "_step": 5298, "val_loss": 0.04941122978925705, "train_loss_epoch": 0.04972578585147858}