{"train_loss_step": 0.049625150859355927, "epoch": 442, "trainer/global_step": 4429, "_timestamp": 1719748444.991565, "_runtime": 860.452966928482, "_step": 5313, "val_loss": 0.049359697848558426, "train_loss_epoch": 0.04967416822910309}