{"train_loss_step": 0.002660417929291725, "epoch": 1999, "trainer/global_step": 19999, "_timestamp": 1719750564.0389414, "_runtime": 2979.500343322754, "_step": 24000, "val_loss": 0.0025748005136847496, "train_loss_epoch": 0.002743741497397423, "_wandb": {"runtime": 2979}}