{"train_loss_step": 1.037595272064209, "epoch": 0, "trainer/global_step": 34, "_timestamp": 1719690701.4419515, "_runtime": 141.14740443229675, "_step": 34, "_wandb": {"runtime": 142}}