{"train_loss_step": 0.0002473116328474134, "epoch": 34, "trainer/global_step": 349, "_timestamp": 1719747204.7090383, "_runtime": 157.4862163066864, "_step": 420, "val_loss": 0.00013409175153356045, "train_loss_epoch": 0.00023734821297693998, "_wandb": {"runtime": 157}}