{"train_loss_step": 0.08485003560781479, "epoch": 44, "trainer/global_step": 1664, "_timestamp": 1719592978.031018, "_runtime": 455.6395170688629, "_step": 1755, "val_loss": 0.0654246062040329, "train_loss_epoch": 0.23159381747245789, "_wandb": {"runtime": 455}}