{"train_loss_step": 0.032671310007572174, "epoch": 4, "trainer/global_step": 621, "_timestamp": 1719740387.2682853, "_runtime": 220.62639617919922, "_step": 629, "val_loss": 0.03482488542795181, "train_loss_epoch": 0.037959299981594086}