{"train_loss_step": 0.10220171511173248, "epoch": 17, "trainer/global_step": 215, "_timestamp": 1719591361.69116, "_runtime": 104.88530087471008, "_step": 252, "val_loss": 0.18336325883865356, "train_loss_epoch": 0.2069062888622284, "_wandb": {"runtime": 104}}